cluster,processing_time_seconds,genes_processed
2,0.707987,70766
4,0.690893,70766
3,0.68609,70766
1,0.679624,70766
6,0.673243,70766
5,0.701141,70766
7,0.681723,70766
8,0.670717,70766
12,0.665414,70766
9,0.665198,70766
11,0.673361,70766
10,0.665462,70766
14,0.667138,70766
13,0.668201,70766
15,0.679417,70766
16,0.6617,70766
19,0.660503,70766
17,0.681036,70766
18,0.681678,70766
20,0.682776,70766
22,0.655734,70766
21,0.655291,70766
23,0.659403,70766
24,0.654755,70766
27,0.77579,70766
26,0.714305,70766
25,0.655752,70766
28,0.650442,70766
