cluster,n_genes,mean_lfc,median_lfc,std_lfc,min_lfc,max_lfc,q25_lfc,q75_lfc,mean_pval,median_pval,min_pval,sig_001,sig_01,sig_05
2,70766,-5.824170516834191,-0.9130755686682315,7.9159982402213815,-22.785754649755905,18.68066705769367,-14.559331089820649,0.023099034371331425,0.5296887781112972,0.5400982826605532,0.0,2317,4593,8087
1,70766,-4.085340752333834,-0.9740045867871416,7.081552832309628,-19.89448446556882,18.06257279937533,-12.392650805253083,0.0,0.46201102677281825,0.4891735242135827,0.0,4040,6486,10349
4,70766,-6.47568244973731,-0.9827411265776769,8.206321708661731,-23.91229429346629,19.69147605540269,-15.021824781331137,0.3452484194186105,0.503849917906077,0.5284641335617851,0.0,3333,6020,9646
3,70766,-3.426679987978311,-0.30475604063605166,7.345586613180287,-19.951508917812596,19.67168698676514,-11.898328384708481,0.5038466253545275,0.5570690220425559,0.5445279441162323,0.0,2188,3422,5757
6,70766,-4.699910655927578,-0.2381204893828983,8.280404050516882,-24.20228964556527,20.71196730056691,-14.181061095281322,1.1019639634345613,0.4367555478934022,0.4649351781560683,0.0,4202,6677,10577
7,70766,-2.620834185169534,0.07676646195106884,7.867744354381212,-22.481070989990577,20.24639176345124,-11.562221798815033,1.5858114026139396,0.4639066158479405,0.4882994700261023,0.0,3984,5970,8898
5,70766,-5.977953161430198,-0.8909684339419452,8.029824579266059,-21.174917713128472,19.68592696195656,-14.67057642397121,0.37720206640183285,0.5031984156653885,0.5225105627594614,0.0,2911,5278,8776
8,70766,-8.600193790492986,-13.096044798835344,8.317416379473324,-21.88614993197365,19.838176353290766,-16.08272165405787,0.0,0.39763435083071347,0.3832324088950736,0.0,7820,12229,17721
10,70766,-10.898821983238594,-14.755513550145942,8.035908458017119,-23.816121161657083,20.60134191187768,-17.009018584284092,-0.23380567584959921,0.3077396179291166,0.20971810536078025,3.2898224726128155e-154,13878,19468,25671
12,70766,-12.701343500491184,-15.626152352848823,7.409603854708789,-24.588602001940167,21.473456921839908,-17.602262749691405,-12.480183586334384,0.23364142430805981,0.07986937841795615,0.0,19693,25872,32698
9,70766,-8.44643327518376,-12.874946691427564,8.18872667622615,-22.259399664087905,19.47750576973662,-15.948086924620872,0.0,0.41091079086094795,0.4069001818864817,5.68959887573934e-284,6688,10920,16284
11,70766,-12.217111194558063,-15.412683788917608,7.649471595097218,-23.23087640339044,21.426578757119223,-17.457750438884954,-11.58325172292133,0.2514104905117676,0.1068449169459263,1.8007005492903374e-180,18182,24206,30913
13,70766,-13.15795740973478,-15.823178033291295,7.168947308748012,-23.893856578736436,21.841866477959464,-17.740790826556715,-13.012092046204302,0.21568057762666693,0.05989364310701675,3.803086606015052e-180,21198,27483,34469
14,70766,-10.579826142962979,-14.64114450228462,8.256200477259483,-23.78732482370545,21.05661322330733,-16.934026894666843,0.0,0.3030326065872918,0.22738403909745775,5.120695110749071e-163,13287,18721,24863
16,70766,-13.988140608565809,-16.147806760774117,6.657020880415387,-25.1845414992719,22.529857274771004,-17.994008810701708,-13.732858916241153,0.18482267236452452,0.03241505159789895,0.0,23986,30444,37583
15,70766,-13.77884609376458,-16.077177725691637,6.811466815218095,-24.483699250619736,23.188827918768546,-17.9321466016726,-13.588111316558965,0.19208805817454636,0.037557264022815645,0.0,23345,29778,36849
17,70766,-14.514228018570556,-16.337836888445135,6.205134662009522,-24.93034341893014,23.40577418254635,-18.133604416669307,-14.056787885887548,0.16951602146880362,0.0219502628082817,0.0,25649,32231,39451
18,70766,-11.442382784765954,-15.12594037682833,8.165075090792403,-26.00556534944923,22.64208262359994,-17.246060347213316,0.0,0.24994660314082687,0.1446968493620456,0.0,16188,22017,28556
