PC,variance_ratio,cumulative_variance
1,0.003585384739517209,0.003585384739517209
2,0.002530041716530139,0.006115426456047348
3,0.0016700215166419025,0.00778544797268925
4,0.001308301034946497,0.009093749007635748
5,0.0008224375465417797,0.009916186554177527
6,0.0007256965120663351,0.010641883066243862
7,0.0005682492815329176,0.01121013234777678
8,0.0005408757933914296,0.011751008141168211
9,0.00044458905790636596,0.012195597199074577
10,0.000416269061500093,0.01261186626057467
11,0.0003827925013215252,0.012994658761896196
12,0.0003737867747724751,0.013368445536668671
13,0.0003557295408802273,0.013724175077548898
14,0.00034174077287035457,0.014065915850419252
15,0.0003260757293708059,0.014391991579790058
16,0.00032251464052981624,0.014714506220319874
17,0.00031820573419246627,0.01503271195451234
18,0.0003174065633454576,0.015350118517857798
19,0.00031633866322944596,0.015666457181087244
20,0.00031284736181116533,0.01597930454289841
21,0.00030747474184504906,0.01628677928474346
22,0.00030624825760593795,0.016593027542349398
23,0.0003023698180140049,0.016895397360363402
24,0.0002996455589304533,0.017195042919293854
25,0.0002975402199802265,0.01749258313927408
26,0.0002942410229173633,0.017786824162191444
27,0.00029383333306097763,0.018080657495252422
28,0.0002935389212432838,0.018374196416495705
29,0.0002915769460468129,0.018665773362542517
30,0.0002905728124708359,0.018956346175013353
